<ImportExportXml version="8.2.0001.0176" SolutionPackageVersion="8.2" languagecode="1033" generatedBy="OnPremise" xmlns:xsi="http://www.w3.org/2001/XMLSchema-instance">
  <SolutionManifest>
    <UniqueName>HNIdentifierGenerator</UniqueName>
    <LocalizedNames>
      <LocalizedName description="HN Identifier Generator" languagecode="1033" />
    </LocalizedNames>
    <Descriptions>
      <Description description="The unique Identifier Generator" languagecode="1033" />
    </Descriptions>
    <Version>2017.8.31.2</Version>
    <Managed>1</Managed>
    <Publisher>
      <UniqueName>nmh</UniqueName>
      <LocalizedNames>
        <LocalizedName description="Huy Nguyen" languagecode="1033" />
      </LocalizedNames>
      <Descriptions>
        <Description description="Dynamic 365 Solutions Provider" languagecode="1033" />
      </Descriptions>
      <EMailAddress xsi:nil="true"></EMailAddress>
      <SupportingWebsiteUrl>https://www.github.com/hncrm</SupportingWebsiteUrl>
      <CustomizationPrefix>hn</CustomizationPrefix>
      <CustomizationOptionValuePrefix>87604</CustomizationOptionValuePrefix>
      <Addresses>
        <Address>
          <AddressNumber>1</AddressNumber>
          <AddressTypeCode>1</AddressTypeCode>
          <City>Canberra</City>
          <County xsi:nil="true"></County>
          <Country>Australia</Country>
          <Fax xsi:nil="true"></Fax>
          <FreightTermsCode xsi:nil="true"></FreightTermsCode>
          <ImportSequenceNumber xsi:nil="true"></ImportSequenceNumber>
          <Latitude xsi:nil="true"></Latitude>
          <Line1 xsi:nil="true"></Line1>
          <Line2 xsi:nil="true"></Line2>
          <Line3 xsi:nil="true"></Line3>
          <Longitude xsi:nil="true"></Longitude>
          <Name xsi:nil="true"></Name>
          <PostalCode xsi:nil="true"></PostalCode>
          <PostOfficeBox xsi:nil="true"></PostOfficeBox>
          <PrimaryContactName xsi:nil="true"></PrimaryContactName>
          <ShippingMethodCode>1</ShippingMethodCode>
          <StateOrProvince>ACT</StateOrProvince>
          <Telephone1 xsi:nil="true"></Telephone1>
          <Telephone2 xsi:nil="true"></Telephone2>
          <Telephone3 xsi:nil="true"></Telephone3>
          <TimeZoneRuleVersionNumber xsi:nil="true"></TimeZoneRuleVersionNumber>
          <UPSZone xsi:nil="true"></UPSZone>
          <UTCOffset xsi:nil="true"></UTCOffset>
          <UTCConversionTimeZoneCode xsi:nil="true"></UTCConversionTimeZoneCode>
        </Address>
        <Address>
          <AddressNumber>2</AddressNumber>
          <AddressTypeCode>1</AddressTypeCode>
          <City xsi:nil="true"></City>
          <County xsi:nil="true"></County>
          <Country xsi:nil="true"></Country>
          <Fax xsi:nil="true"></Fax>
          <FreightTermsCode xsi:nil="true"></FreightTermsCode>
          <ImportSequenceNumber xsi:nil="true"></ImportSequenceNumber>
          <Latitude xsi:nil="true"></Latitude>
          <Line1 xsi:nil="true"></Line1>
          <Line2 xsi:nil="true"></Line2>
          <Line3 xsi:nil="true"></Line3>
          <Longitude xsi:nil="true"></Longitude>
          <Name xsi:nil="true"></Name>
          <PostalCode xsi:nil="true"></PostalCode>
          <PostOfficeBox xsi:nil="true"></PostOfficeBox>
          <PrimaryContactName xsi:nil="true"></PrimaryContactName>
          <ShippingMethodCode>1</ShippingMethodCode>
          <StateOrProvince xsi:nil="true"></StateOrProvince>
          <Telephone1 xsi:nil="true"></Telephone1>
          <Telephone2 xsi:nil="true"></Telephone2>
          <Telephone3 xsi:nil="true"></Telephone3>
          <TimeZoneRuleVersionNumber xsi:nil="true"></TimeZoneRuleVersionNumber>
          <UPSZone xsi:nil="true"></UPSZone>
          <UTCOffset xsi:nil="true"></UTCOffset>
          <UTCConversionTimeZoneCode xsi:nil="true"></UTCConversionTimeZoneCode>
        </Address>
      </Addresses>
    </Publisher>
    <RootComponents>
      <RootComponent type="1" schemaName="hn_identifier" behavior="0" />
      <RootComponent type="29" id="{0c3f5dcf-4e88-e711-81bc-001c42310673}" behavior="0" />
      <RootComponent type="29" id="{2f52bd6b-5a88-e711-81bc-001c42310673}" behavior="0" />
      <RootComponent type="29" id="{64758364-5a88-e711-81bc-001c42310673}" behavior="0" />
      <RootComponent type="29" id="{6a5e9f16-5a88-e711-81bc-001c42310673}" behavior="0" />
      <RootComponent type="29" id="{6df55c30-f087-e711-81bc-001c42310673}" behavior="0" />
      <RootComponent type="29" id="{97581ece-5288-e711-81bc-001c42310673}" behavior="0" />
      <RootComponent type="29" id="{a72989e5-fb87-e711-81bc-001c42310673}" behavior="0" />
      <RootComponent type="60" id="{3d6348ec-8361-420b-a8fd-a60bc7a5f314}" behavior="0" />
      <RootComponent type="61" schemaName="hn_/Icons/Identifier16.png" behavior="0" />
      <RootComponent type="61" schemaName="hn_/Icons/Identifier32.png" behavior="0" />
      <RootComponent type="61" schemaName="hn_/Scripts/Identifier.js" behavior="0" />
      <RootComponent type="62" behavior="0" />
      <RootComponent type="91" schemaName="HN.CRM.Identifier, Version=2017.8.25.53, Culture=neutral, PublicKeyToken=bd3163c6c0dca728" behavior="0" />
      <RootComponent type="92" id="{035c63ea-4a88-e711-81bc-001c42310673}" behavior="0" />
      <RootComponent type="92" id="{39f7a5f2-4a88-e711-81bc-001c42310673}" behavior="0" />
    </RootComponents>
    <MissingDependencies>
      <MissingDependency>
        <Required key="0" type="1" schemaName="msdyn_postruleconfig" displayName="Post Rule Configuration" solution="ActivityFeedsCore (8.2.0.0)" />
        <Dependent key="1" type="62" />
      </MissingDependency>
      <MissingDependency>
        <Required key="2" type="1" schemaName="msdyn_postconfig" displayName="Post Configuration" solution="ActivityFeedsCore (8.2.0.0)" />
        <Dependent key="1" type="62" />
      </MissingDependency>
      <MissingDependency>
        <Required key="3" type="61" schemaName="msdyn_/PersonalWall.htm" displayName="msdyn_/PersonalWall.htm" solution="ActivityFeedsCore (8.2.0.0)" />
        <Dependent key="1" type="62" />
      </MissingDependency>
      <MissingDependency>
        <Required key="4" type="61" schemaName="msdyn_/Images/Wall_16.png" displayName="msdyn_/Images/Wall_16.png" solution="ActivityFeedsCore (8.2.0.0)" />
        <Dependent key="1" type="62" />
      </MissingDependency>
    </MissingDependencies>
  </SolutionManifest>
</ImportExportXml>